emp_no,title,dept_no,dept_name
10095,Senior Staff,d007,Sales
10122,Technique Leader,d005,Development
10291,Senior Staff,d007,Sales
10476,Senior Staff,d008,Research
10663,Technique Leader,d004,Production
10663,Technique Leader,d005,Development
10762,Senior Staff,d008,Research
10933,Senior Engineer,d004,Production
12155,Engineer,d004,Production
12408,Senior Engineer,d005,Development
12643,Staff,d002,Finance
13499,Technique Leader,d004,Production
14075,Assistant Engineer,d005,Development
14104,Senior Staff,d003,Human Resources
14127,Engineer,d004,Production
14158,Senior Staff,d007,Sales
14476,Engineer,d004,Production
14907,Senior Staff,d007,Sales
15050,Engineer,d004,Production
15058,Senior Staff,d002,Finance
15413,Engineer,d005,Development
16461,Senior Staff,d007,Sales
16528,Assistant Engineer,d004,Production
17013,Senior Staff,d002,Finance
17206,Engineer,d004,Production
17369,Engineer,d004,Production
17369,Engineer,d005,Development
17447,Staff,d007,Sales
17731,Assistant Engineer,d005,Development
17970,Technique Leader,d004,Production
17988,Engineer,d004,Production
18021,Engineer,d005,Development
18424,Engineer,d005,Development
18583,Staff,d009,Customer Service
18617,Senior Staff,d003,Human Resources
18810,Engineer,d005,Development
19236,Engineer,d004,Production
19350,Senior Staff,d009,Customer Service
19803,Engineer,d005,Development
20100,Senior Staff,d001,Marketing
20128,Senior Staff,d009,Customer Service
20129,Engineer,d004,Production
20248,Staff,d009,Customer Service
20313,Engineer,d004,Production
20500,Senior Staff,d009,Customer Service
20885,Engineer,d004,Production
21181,Assistant Engineer,d004,Production
21188,Engineer,d005,Development
21546,Senior Staff,d001,Marketing
21546,Senior Staff,d007,Sales
21843,Senior Engineer,d005,Development
21909,Senior Staff,d007,Sales
22185,Assistant Engineer,d004,Production
22185,Assistant Engineer,d005,Development
22415,Senior Staff,d007,Sales
22451,Senior Staff,d005,Development
22451,Senior Staff,d008,Research
22455,Senior Staff,d001,Marketing
22926,Engineer,d004,Production
23396,Technique Leader,d004,Production
24080,Technique Leader,d005,Development
24205,Senior Engineer,d005,Development
24377,Engineer,d006,Quality Management
24394,Staff,d007,Sales
24553,Senior Staff,d007,Sales
24571,Engineer,d004,Production
25488,Senior Staff,d008,Research
26629,Senior Staff,d008,Research
26671,Engineer,d005,Development
26788,Engineer,d005,Development
27331,Senior Staff,d009,Customer Service
27378,Senior Staff,d002,Finance
27620,Engineer,d004,Production
27686,Senior Staff,d007,Sales
27699,Engineer,d004,Production
27767,Senior Staff,d009,Customer Service
28193,Engineer,d005,Development
28974,Senior Engineer,d005,Development
28988,Technique Leader,d004,Production
29130,Staff,d001,Marketing
29265,Senior Staff,d009,Customer Service
29380,Assistant Engineer,d004,Production
29418,Assistant Engineer,d004,Production
29679,Senior Engineer,d005,Development
29782,Senior Engineer,d004,Production
29782,Senior Engineer,d006,Quality Management
29954,Senior Engineer,d004,Production
30007,Engineer,d004,Production
30035,Senior Staff,d008,Research
30154,Technique Leader,d005,Development
30182,Engineer,d005,Development
30465,Engineer,d005,Development
30484,Staff,d007,Sales
30695,Senior Engineer,d005,Development
30938,Senior Staff,d001,Marketing
30938,Senior Staff,d007,Sales
31147,Senior Staff,d002,Finance
31188,Technique Leader,d004,Production
31207,Senior Engineer,d004,Production
31341,Senior Staff,d002,Finance
31514,Engineer,d005,Development
31568,Staff,d001,Marketing
31909,Engineer,d004,Production
31909,Engineer,d005,Development
32347,Senior Staff,d001,Marketing
32552,Assistant Engineer,d005,Development
32649,Senior Staff,d008,Research
32714,Staff,d001,Marketing
32714,Staff,d007,Sales
32844,Engineer,d005,Development
33025,Senior Staff,d009,Customer Service
33215,Technique Leader,d004,Production
33722,Senior Engineer,d005,Development
33722,Senior Engineer,d008,Research
34077,Senior Staff,d007,Sales
34261,Senior Staff,d003,Human Resources
34446,Senior Engineer,d005,Development
34452,Engineer,d004,Production
34505,Senior Staff,d007,Sales
34533,Senior Engineer,d004,Production
34533,Senior Engineer,d006,Quality Management
34780,Staff,d001,Marketing
34780,Staff,d007,Sales
34788,Senior Engineer,d004,Production
34936,Technique Leader,d004,Production
35044,Engineer,d004,Production
35087,Senior Staff,d009,Customer Service
35441,Engineer,d005,Development
35441,Engineer,d008,Research
35642,Engineer,d004,Production
35642,Engineer,d006,Quality Management
35793,Senior Staff,d009,Customer Service
35798,Senior Engineer,d005,Development
36521,Senior Staff,d002,Finance
36626,Senior Staff,d007,Sales
36733,Staff,d009,Customer Service
36844,Staff,d009,Customer Service
36982,Engineer,d006,Quality Management
37070,Senior Staff,d009,Customer Service
37945,Senior Engineer,d005,Development
38043,Engineer,d005,Development
38103,Engineer,d004,Production
38168,Senior Staff,d007,Sales
38550,Senior Engineer,d006,Quality Management
38593,Engineer,d004,Production
38947,Senior Staff,d001,Marketing
38947,Senior Staff,d003,Human Resources
39000,Senior Staff,d008,Research
39036,Staff,d003,Human Resources
39301,Senior Staff,d008,Research
39341,Engineer,d004,Production
39952,Staff,d007,Sales
40269,Senior Staff,d007,Sales
40283,Engineer,d005,Development
40301,Senior Engineer,d004,Production
40301,Senior Engineer,d009,Customer Service
40536,Engineer,d005,Development
40765,Senior Staff,d008,Research
40773,Senior Staff,d009,Customer Service
40983,Technique Leader,d005,Development
41114,Technique Leader,d004,Production
41137,Senior Staff,d007,Sales
41137,Senior Staff,d009,Customer Service
41357,Engineer,d005,Development
41518,Senior Engineer,d004,Production
41518,Senior Engineer,d006,Quality Management
41520,Senior Engineer,d005,Development
41609,Senior Staff,d007,Sales
42778,Senior Staff,d003,Human Resources
42911,Engineer,d004,Production
42950,Senior Staff,d008,Research
42955,Engineer,d006,Quality Management
43154,Senior Staff,d002,Finance
43733,Senior Staff,d003,Human Resources
43848,Engineer,d004,Production
44054,Engineer,d005,Development
44265,Engineer,d005,Development
44540,Senior Engineer,d005,Development
44900,Senior Staff,d001,Marketing
44959,Engineer,d004,Production
44962,Assistant Engineer,d005,Development
45162,Engineer,d005,Development
46000,Senior Staff,d009,Customer Service
46328,Senior Staff,d007,Sales
46811,Senior Engineer,d004,Production
46834,Senior Staff,d007,Sales
46943,Engineer,d005,Development
47016,Senior Staff,d009,Customer Service
47139,Engineer,d005,Development
47262,Engineer,d005,Development
47515,Senior Engineer,d005,Development
47702,Senior Staff,d007,Sales
47708,Senior Staff,d001,Marketing
48275,Senior Staff,d007,Sales
48690,Staff,d003,Human Resources
48882,Engineer,d004,Production
48904,Senior Staff,d002,Finance
48947,Senior Staff,d007,Sales
49010,Senior Staff,d001,Marketing
49010,Senior Staff,d007,Sales
49017,Engineer,d005,Development
49119,Engineer,d004,Production
49177,Engineer,d004,Production
49464,Staff,d007,Sales
49477,Senior Staff,d003,Human Resources
50293,Engineer,d004,Production
50311,Senior Engineer,d006,Quality Management
50453,Staff,d002,Finance
50670,Senior Staff,d001,Marketing
50831,Senior Engineer,d004,Production
50831,Senior Engineer,d005,Development
51036,Staff,d007,Sales
51057,Senior Staff,d001,Marketing
51060,Engineer,d005,Development
51142,Engineer,d005,Development
52038,Senior Engineer,d004,Production
52040,Senior Staff,d005,Development
52040,Senior Staff,d008,Research
52283,Senior Staff,d008,Research
52386,Senior Staff,d007,Sales
52590,Staff,d005,Development
52590,Staff,d008,Research
52599,Engineer,d004,Production
52599,Engineer,d009,Customer Service
52639,Senior Staff,d007,Sales
52770,Senior Staff,d007,Sales
52778,Technique Leader,d006,Quality Management
52956,Engineer,d004,Production
52956,Engineer,d006,Quality Management
52970,Engineer,d004,Production
53278,Senior Staff,d007,Sales
53314,Staff,d008,Research
53431,Senior Staff,d001,Marketing
53431,Senior Staff,d009,Customer Service
53499,Engineer,d004,Production
53597,Engineer,d005,Development
53874,Senior Staff,d001,Marketing
53924,Engineer,d004,Production
54198,Engineer,d005,Development
54632,Senior Staff,d002,Finance
54795,Staff,d004,Production
54795,Staff,d009,Customer Service
54800,Staff,d007,Sales
55640,Engineer,d004,Production
55687,Senior Engineer,d005,Development
55799,Engineer,d004,Production
55857,Senior Staff,d007,Sales
56105,Engineer,d005,Development
56209,Engineer,d004,Production
56415,Senior Staff,d002,Finance
56428,Senior Staff,d007,Sales
56682,Assistant Engineer,d005,Development
56829,Engineer,d004,Production
56829,Engineer,d006,Quality Management
56847,Senior Engineer,d004,Production
56847,Senior Engineer,d006,Quality Management
57934,Engineer,d005,Development
58141,Staff,d002,Finance
58147,Senior Staff,d001,Marketing
58384,Engineer,d005,Development
58454,Engineer,d004,Production
58497,Senior Staff,d001,Marketing
58497,Senior Staff,d007,Sales
58819,Senior Staff,d007,Sales
58990,Engineer,d005,Development
59195,Technique Leader,d005,Development
59640,Staff,d002,Finance
59869,Senior Staff,d001,Marketing
59966,Technique Leader,d004,Production
60000,Assistant Engineer,d005,Development
60091,Staff,d009,Customer Service
60238,Staff,d001,Marketing
60238,Staff,d007,Sales
60559,Engineer,d004,Production
60821,Senior Staff,d003,Human Resources
60845,Engineer,d004,Production
60875,Senior Engineer,d006,Quality Management
60959,Senior Staff,d001,Marketing
60959,Senior Staff,d007,Sales
61147,Staff,d001,Marketing
61253,Senior Engineer,d005,Development
61253,Senior Engineer,d008,Research
61377,Staff,d004,Production
61377,Staff,d009,Customer Service
61541,Engineer,d005,Development
61873,Assistant Engineer,d006,Quality Management
62033,Engineer,d004,Production
62046,Engineer,d004,Production
62245,Engineer,d005,Development
63294,Engineer,d004,Production
63419,Senior Engineer,d004,Production
63441,Staff,d003,Human Resources
63566,Senior Staff,d007,Sales
63631,Senior Engineer,d004,Production
63631,Senior Engineer,d009,Customer Service
63706,Engineer,d005,Development
64023,Senior Engineer,d005,Development
64209,Senior Staff,d009,Customer Service
64487,Engineer,d006,Quality Management
64532,Engineer,d004,Production
64632,Senior Staff,d007,Sales
64790,Engineer,d005,Development
64828,Staff,d007,Sales
64984,Engineer,d004,Production
64984,Engineer,d006,Quality Management
65171,Technique Leader,d004,Production
65539,Senior Engineer,d005,Development
65883,Senior Staff,d007,Sales
65998,Senior Staff,d007,Sales
66382,Engineer,d004,Production
66530,Staff,d008,Research
66643,Engineer,d004,Production
66702,Engineer,d005,Development
66757,Staff,d001,Marketing
66807,Senior Engineer,d005,Development
67320,Senior Staff,d001,Marketing
67548,Staff,d003,Human Resources
67934,Engineer,d004,Production
68416,Senior Engineer,d004,Production
68608,Engineer,d004,Production
68633,Senior Engineer,d004,Production
68648,Technique Leader,d005,Development
69052,Senior Staff,d007,Sales
69219,Senior Staff,d001,Marketing
69219,Senior Staff,d007,Sales
69867,Staff,d007,Sales
69878,Engineer,d005,Development
69936,Assistant Engineer,d004,Production
69936,Assistant Engineer,d005,Development
70469,Senior Staff,d001,Marketing
70990,Senior Engineer,d004,Production
71066,Staff,d007,Sales
71141,Staff,d003,Human Resources
71188,Senior Staff,d007,Sales
71243,Engineer,d004,Production
71334,Engineer,d005,Development
71334,Engineer,d008,Research
71685,Senior Engineer,d004,Production
71710,Assistant Engineer,d005,Development
71745,Assistant Engineer,d005,Development
72190,Engineer,d005,Development
72194,Senior Engineer,d004,Production
72232,Senior Engineer,d006,Quality Management
72640,Senior Engineer,d006,Quality Management
72918,Senior Staff,d007,Sales
73076,Senior Engineer,d005,Development
73233,Senior Engineer,d004,Production
73516,Engineer,d004,Production
73743,Engineer,d004,Production
73743,Engineer,d009,Customer Service
74200,Senior Engineer,d004,Production
74344,Engineer,d005,Development
74668,Senior Staff,d007,Sales
74800,Assistant Engineer,d004,Production
75354,Engineer,d005,Development
75703,Senior Engineer,d005,Development
76189,Senior Engineer,d004,Production
76201,Senior Engineer,d005,Development
76640,Senior Engineer,d006,Quality Management
77030,Technique Leader,d005,Development
77303,Senior Staff,d009,Customer Service
77647,Technique Leader,d004,Production
77815,Engineer,d005,Development
78106,Senior Staff,d001,Marketing
78106,Senior Staff,d007,Sales
78363,Engineer,d006,Quality Management
78469,Staff,d003,Human Resources
78871,Senior Engineer,d005,Development
79043,Technique Leader,d004,Production
79171,Senior Engineer,d004,Production
79310,Senior Staff,d001,Marketing
79606,Senior Engineer,d005,Development
79763,Staff,d001,Marketing
79895,Senior Staff,d007,Sales
80067,Senior Staff,d009,Customer Service
80203,Staff,d007,Sales
80432,Senior Staff,d008,Research
80731,Staff,d007,Sales
80850,Senior Engineer,d004,Production
80889,Senior Engineer,d005,Development
80948,Senior Engineer,d005,Development
81105,Senior Engineer,d005,Development
81545,Technique Leader,d005,Development
81545,Technique Leader,d006,Quality Management
81644,Staff,d007,Sales
81995,Senior Engineer,d005,Development
82069,Engineer,d004,Production
82098,Senior Engineer,d004,Production
82351,Senior Staff,d003,Human Resources
82511,Engineer,d005,Development
82919,Engineer,d005,Development
82919,Engineer,d006,Quality Management
82928,Engineer,d005,Development
83280,Senior Engineer,d004,Production
83289,Engineer,d005,Development
83509,Senior Engineer,d005,Development
83544,Staff,d007,Sales
83714,Senior Engineer,d004,Production
83714,Senior Engineer,d009,Customer Service
83805,Senior Engineer,d005,Development
83941,Senior Staff,d008,Research
84029,Staff,d009,Customer Service
84179,Senior Engineer,d004,Production
84236,Senior Staff,d007,Sales
84315,Assistant Engineer,d005,Development
84451,Senior Engineer,d005,Development
84508,Engineer,d005,Development
84840,Staff,d008,Research
84922,Engineer,d005,Development
84942,Technique Leader,d006,Quality Management
85216,Senior Staff,d002,Finance
85288,Engineer,d004,Production
85288,Engineer,d006,Quality Management
85414,Staff,d002,Finance
85445,Staff,d007,Sales
85702,Engineer,d006,Quality Management
85874,Senior Staff,d009,Customer Service
86213,Senior Staff,d001,Marketing
86213,Senior Staff,d007,Sales
86354,Senior Engineer,d005,Development
86422,Senior Staff,d001,Marketing
86546,Senior Engineer,d004,Production
86655,Engineer,d004,Production
86672,Staff,d008,Research
87129,Staff,d007,Sales
87353,Senior Engineer,d005,Development
87714,Engineer,d004,Production
87729,Staff,d008,Research
87783,Senior Engineer,d005,Development
88103,Senior Staff,d007,Sales
88411,Engineer,d005,Development
88422,Technique Leader,d004,Production
88647,Engineer,d005,Development
88958,Senior Staff,d002,Finance
88965,Engineer,d005,Development
89048,Engineer,d005,Development
89090,Senior Staff,d003,Human Resources
89161,Staff,d002,Finance
89207,Staff,d003,Human Resources
89346,Engineer,d005,Development
89590,Senior Staff,d008,Research
89664,Staff,d001,Marketing
89680,Engineer,d004,Production
89806,Senior Engineer,d004,Production
89922,Engineer,d004,Production
89941,Senior Staff,d001,Marketing
90077,Assistant Engineer,d005,Development
90084,Senior Engineer,d004,Production
90211,Engineer,d004,Production
90292,Senior Engineer,d004,Production
90518,Senior Staff,d009,Customer Service
90614,Engineer,d004,Production
90692,Staff,d001,Marketing
91172,Staff,d009,Customer Service
91182,Engineer,d005,Development
91229,Engineer,d004,Production
91256,Staff,d001,Marketing
91333,Staff,d007,Sales
91415,Senior Staff,d007,Sales
91648,Senior Staff,d001,Marketing
92438,Senior Engineer,d004,Production
92438,Senior Engineer,d009,Customer Service
92454,Senior Engineer,d006,Quality Management
92577,Assistant Engineer,d004,Production
92598,Assistant Engineer,d004,Production
92685,Senior Staff,d007,Sales
92841,Senior Staff,d007,Sales
92846,Senior Staff,d001,Marketing
92920,Engineer,d005,Development
93040,Senior Engineer,d005,Development
93220,Senior Engineer,d006,Quality Management
93278,Senior Engineer,d004,Production
93549,Senior Staff,d002,Finance
93549,Senior Staff,d007,Sales
93600,Technique Leader,d004,Production
94331,Technique Leader,d004,Production
94416,Senior Staff,d002,Finance
94416,Senior Staff,d007,Sales
94761,Engineer,d005,Development
94944,Engineer,d005,Development
95181,Staff,d008,Research
95286,Engineer,d005,Development
95314,Senior Staff,d007,Sales
95406,Engineer,d005,Development
95416,Engineer,d005,Development
95509,Engineer,d004,Production
95920,Senior Staff,d002,Finance
96571,Senior Engineer,d004,Production
96579,Engineer,d004,Production
96767,Senior Engineer,d004,Production
97018,Engineer,d004,Production
97623,Senior Staff,d003,Human Resources
97661,Senior Staff,d008,Research
98288,Staff,d008,Research
98306,Senior Engineer,d004,Production
98306,Senior Engineer,d005,Development
98639,Staff,d008,Research
99057,Staff,d009,Customer Service
99373,Senior Staff,d009,Customer Service
99377,Senior Engineer,d005,Development
99590,Staff,d007,Sales
99654,Senior Staff,d008,Research
100865,Senior Engineer,d004,Production
100916,Engineer,d005,Development
101487,Senior Staff,d007,Sales
101647,Senior Staff,d007,Sales
101902,Staff,d007,Sales
102620,Engineer,d004,Production
102620,Engineer,d006,Quality Management
103196,Staff,d003,Human Resources
103310,Staff,d001,Marketing
103316,Senior Engineer,d005,Development
103342,Engineer,d006,Quality Management
103756,Assistant Engineer,d005,Development
104133,Senior Staff,d007,Sales
104845,Staff,d002,Finance
104988,Engineer,d005,Development
105342,Technique Leader,d006,Quality Management
105356,Senior Engineer,d005,Development
105356,Senior Engineer,d008,Research
105432,Engineer,d005,Development
105520,Senior Staff,d007,Sales
105731,Engineer,d005,Development
106096,Engineer,d004,Production
106242,Staff,d003,Human Resources
106695,Senior Staff,d005,Development
106695,Senior Staff,d008,Research
106710,Senior Staff,d001,Marketing
107486,Senior Engineer,d005,Development
107737,Senior Engineer,d005,Development
107792,Senior Staff,d001,Marketing
107828,Senior Staff,d007,Sales
108091,Senior Staff,d009,Customer Service
108198,Senior Staff,d008,Research
108316,Senior Engineer,d004,Production
108988,Staff,d007,Sales
109062,Senior Engineer,d005,Development
109211,Engineer,d005,Development
109211,Engineer,d008,Research
109252,Technique Leader,d004,Production
109278,Senior Staff,d002,Finance
109552,Assistant Engineer,d005,Development
109598,Senior Staff,d002,Finance
109620,Staff,d007,Sales
109703,Engineer,d004,Production
109741,Senior Engineer,d004,Production
109953,Staff,d007,Sales
200267,Senior Staff,d009,Customer Service
200312,Senior Engineer,d004,Production
200312,Senior Engineer,d006,Quality Management
200363,Engineer,d005,Development
200735,Senior Staff,d001,Marketing
200789,Staff,d001,Marketing
201229,Staff,d003,Human Resources
201708,Staff,d003,Human Resources
201709,Senior Staff,d002,Finance
201739,Assistant Engineer,d005,Development
201801,Engineer,d005,Development
201915,Engineer,d004,Production
202291,Engineer,d004,Production
202403,Engineer,d004,Production
202414,Senior Staff,d009,Customer Service
202552,Engineer,d004,Production
202826,Senior Engineer,d005,Development
202882,Senior Engineer,d005,Development
202950,Senior Staff,d003,Human Resources
203474,Senior Staff,d007,Sales
203495,Technique Leader,d005,Development
203599,Technique Leader,d005,Development
203720,Senior Staff,d007,Sales
203946,Staff,d003,Human Resources
204117,Staff,d007,Sales
204117,Staff,d009,Customer Service
204133,Senior Staff,d002,Finance
204246,Senior Staff,d008,Research
204425,Senior Engineer,d005,Development
204470,Senior Staff,d007,Sales
204470,Senior Staff,d009,Customer Service
204471,Engineer,d005,Development
204764,Engineer,d005,Development
205018,Engineer,d006,Quality Management
205085,Technique Leader,d005,Development
205174,Staff,d001,Marketing
205500,Senior Engineer,d005,Development
205627,Engineer,d004,Production
205660,Staff,d001,Marketing
205660,Staff,d003,Human Resources
205699,Staff,d007,Sales
205789,Senior Staff,d002,Finance
205863,Engineer,d006,Quality Management
206748,Staff,d007,Sales
206836,Staff,d008,Research
206966,Senior Engineer,d005,Development
207021,Engineer,d004,Production
207068,Senior Staff,d001,Marketing
207204,Assistant Engineer,d005,Development
207401,Senior Staff,d008,Research
207551,Assistant Engineer,d005,Development
207779,Senior Staff,d008,Research
207980,Senior Staff,d003,Human Resources
208147,Senior Engineer,d005,Development
208330,Staff,d007,Sales
208639,Staff,d007,Sales
208639,Staff,d009,Customer Service
208653,Senior Engineer,d005,Development
208784,Senior Engineer,d004,Production
209101,Senior Engineer,d006,Quality Management
209443,Senior Staff,d003,Human Resources
209565,Senior Staff,d001,Marketing
209712,Assistant Engineer,d005,Development
210017,Senior Staff,d003,Human Resources
210292,Staff,d003,Human Resources
210449,Engineer,d004,Production
210752,Senior Staff,d001,Marketing
210786,Staff,d003,Human Resources
211858,Engineer,d004,Production
211879,Engineer,d005,Development
211967,Engineer,d005,Development
212093,Senior Staff,d003,Human Resources
212154,Senior Staff,d009,Customer Service
212361,Engineer,d006,Quality Management
213016,Senior Engineer,d005,Development
213140,Staff,d007,Sales
213384,Senior Engineer,d005,Development
213447,Engineer,d004,Production
214215,Senior Staff,d007,Sales
214391,Senior Staff,d009,Customer Service
214427,Engineer,d004,Production
214539,Engineer,d005,Development
214634,Senior Engineer,d005,Development
214789,Engineer,d004,Production
214866,Engineer,d005,Development
214995,Engineer,d004,Production
215419,Staff,d003,Human Resources
215629,Staff,d009,Customer Service
215746,Staff,d002,Finance
215843,Senior Staff,d001,Marketing
216054,Senior Staff,d008,Research
216342,Senior Engineer,d005,Development
216375,Senior Engineer,d005,Development
216502,Engineer,d005,Development
216573,Senior Engineer,d004,Production
216921,Staff,d007,Sales
217026,Senior Staff,d007,Sales
217080,Senior Engineer,d005,Development
217272,Staff,d007,Sales
217286,Technique Leader,d005,Development
217320,Engineer,d006,Quality Management
217363,Staff,d009,Customer Service
217387,Senior Engineer,d005,Development
217551,Engineer,d004,Production
217800,Senior Staff,d002,Finance
218022,Technique Leader,d005,Development
218100,Senior Staff,d003,Human Resources
218831,Engineer,d004,Production
219035,Technique Leader,d006,Quality Management
219047,Senior Engineer,d005,Development
219052,Staff,d001,Marketing
219417,Staff,d008,Research
219497,Technique Leader,d005,Development
219967,Senior Staff,d003,Human Resources
220029,Senior Engineer,d005,Development
220131,Engineer,d005,Development
220418,Staff,d007,Sales
220528,Senior Staff,d008,Research
220582,Senior Staff,d001,Marketing
220611,Staff,d007,Sales
220625,Technique Leader,d004,Production
220699,Staff,d009,Customer Service
220799,Senior Engineer,d005,Development
220799,Senior Engineer,d008,Research
221126,Engineer,d005,Development
221367,Senior Staff,d009,Customer Service
221369,Engineer,d006,Quality Management
221435,Engineer,d004,Production
221973,Staff,d001,Marketing
222206,Staff,d003,Human Resources
222311,Senior Engineer,d005,Development
222319,Senior Engineer,d005,Development
222354,Assistant Engineer,d005,Development
222616,Assistant Engineer,d006,Quality Management
222770,Senior Engineer,d005,Development
222878,Engineer,d004,Production
222878,Engineer,d005,Development
222926,Senior Engineer,d005,Development
222952,Senior Engineer,d004,Production
222998,Senior Staff,d001,Marketing
222998,Senior Staff,d003,Human Resources
223593,Staff,d001,Marketing
223595,Technique Leader,d004,Production
224135,Engineer,d005,Development
224335,Engineer,d005,Development
224390,Senior Staff,d008,Research
224934,Staff,d003,Human Resources
225438,Staff,d007,Sales
225601,Engineer,d005,Development
225788,Engineer,d005,Development
225867,Senior Engineer,d006,Quality Management
225964,Engineer,d004,Production
226216,Technique Leader,d006,Quality Management
226227,Senior Engineer,d004,Production
227354,Engineer,d005,Development
227476,Senior Engineer,d005,Development
227681,Staff,d002,Finance
227899,Staff,d001,Marketing
227901,Staff,d008,Research
228098,Engineer,d004,Production
228098,Engineer,d009,Customer Service
228248,Senior Staff,d008,Research
228554,Senior Staff,d007,Sales
228766,Engineer,d004,Production
228766,Engineer,d005,Development
229098,Senior Staff,d009,Customer Service
229220,Engineer,d004,Production
229248,Staff,d008,Research
229386,Technique Leader,d004,Production
229386,Technique Leader,d009,Customer Service
229391,Engineer,d004,Production
229404,Staff,d003,Human Resources
229547,Senior Staff,d007,Sales
229727,Engineer,d005,Development
229981,Engineer,d004,Production
230002,Senior Engineer,d005,Development
230126,Senior Staff,d009,Customer Service
230287,Assistant Engineer,d004,Production
230354,Staff,d003,Human Resources
230498,Engineer,d004,Production
230579,Senior Staff,d002,Finance
230689,Senior Staff,d007,Sales
230865,Staff,d001,Marketing
230865,Staff,d007,Sales
231069,Staff,d007,Sales
231459,Assistant Engineer,d004,Production
231671,Staff,d009,Customer Service
231798,Engineer,d005,Development
232178,Senior Staff,d003,Human Resources
232209,Engineer,d006,Quality Management
232697,Engineer,d004,Production
232723,Assistant Engineer,d006,Quality Management
233114,Senior Engineer,d005,Development
233394,Engineer,d005,Development
233397,Senior Staff,d007,Sales
233426,Engineer,d005,Development
233690,Engineer,d005,Development
233759,Engineer,d004,Production
233759,Engineer,d009,Customer Service
233765,Senior Engineer,d005,Development
233785,Senior Staff,d007,Sales
233818,Engineer,d005,Development
234195,Senior Staff,d007,Sales
234739,Senior Engineer,d004,Production
235017,Senior Staff,d007,Sales
235096,Staff,d007,Sales
235096,Staff,d009,Customer Service
235325,Engineer,d005,Development
235368,Senior Engineer,d004,Production
235458,Senior Staff,d008,Research
235729,Staff,d001,Marketing
235780,Senior Engineer,d004,Production
235793,Senior Engineer,d004,Production
235793,Senior Engineer,d006,Quality Management
236315,Technique Leader,d005,Development
236566,Senior Staff,d009,Customer Service
236591,Staff,d001,Marketing
236827,Senior Engineer,d005,Development
236883,Staff,d007,Sales
236964,Staff,d007,Sales
236964,Staff,d009,Customer Service
238112,Technique Leader,d004,Production
238252,Staff,d007,Sales
238422,Senior Staff,d007,Sales
238949,Senior Staff,d007,Sales
239067,Staff,d007,Sales
239244,Staff,d007,Sales
239415,Senior Engineer,d004,Production
239426,Engineer,d005,Development
239426,Engineer,d008,Research
239664,Engineer,d004,Production
239706,Assistant Engineer,d004,Production
239748,Senior Staff,d007,Sales
239803,Staff,d008,Research
240132,Senior Staff,d009,Customer Service
240236,Senior Engineer,d004,Production
240285,Staff,d009,Customer Service
240340,Engineer,d004,Production
240438,Senior Staff,d009,Customer Service
240870,Senior Staff,d004,Production
240870,Senior Staff,d008,Research
241100,Engineer,d005,Development
241254,Senior Engineer,d005,Development
241292,Senior Staff,d001,Marketing
241292,Senior Staff,d009,Customer Service
241567,Engineer,d005,Development
241667,Engineer,d004,Production
241728,Senior Engineer,d004,Production
241728,Senior Engineer,d009,Customer Service
241872,Senior Staff,d005,Development
241872,Senior Staff,d009,Customer Service
242019,Senior Engineer,d004,Production
242019,Senior Engineer,d005,Development
242081,Engineer,d004,Production
242104,Staff,d001,Marketing
242500,Senior Staff,d007,Sales
242800,Engineer,d005,Development
243018,Senior Staff,d001,Marketing
243077,Senior Engineer,d004,Production
243576,Staff,d007,Sales
243637,Senior Staff,d001,Marketing
243898,Staff,d001,Marketing
244308,Senior Staff,d001,Marketing
244605,Senior Staff,d002,Finance
244605,Senior Staff,d003,Human Resources
244624,Senior Staff,d008,Research
244711,Assistant Engineer,d004,Production
244714,Senior Engineer,d004,Production
244820,Engineer,d005,Development
244873,Staff,d007,Sales
245164,Senior Engineer,d004,Production
245396,Senior Staff,d003,Human Resources
245664,Staff,d007,Sales
246146,Engineer,d006,Quality Management
246244,Staff,d003,Human Resources
246364,Engineer,d005,Development
246764,Staff,d007,Sales
246798,Senior Staff,d001,Marketing
246798,Senior Staff,d007,Sales
246902,Staff,d003,Human Resources
247089,Senior Staff,d007,Sales
247122,Senior Staff,d003,Human Resources
247447,Engineer,d004,Production
247456,Engineer,d004,Production
247612,Engineer,d005,Development
247875,Senior Staff,d001,Marketing
247888,Engineer,d006,Quality Management
248256,Staff,d007,Sales
248351,Senior Staff,d001,Marketing
248758,Senior Staff,d007,Sales
248758,Senior Staff,d009,Customer Service
248953,Assistant Engineer,d004,Production
249239,Senior Engineer,d005,Development
249325,Staff,d007,Sales
249433,Engineer,d004,Production
249504,Engineer,d005,Development
249504,Engineer,d008,Research
249780,Assistant Engineer,d004,Production
249780,Assistant Engineer,d009,Customer Service
249799,Engineer,d005,Development
249866,Senior Staff,d007,Sales
249969,Senior Engineer,d004,Production
250411,Staff,d007,Sales
250452,Senior Engineer,d005,Development
250748,Engineer,d005,Development
251166,Senior Staff,d002,Finance
251233,Engineer,d004,Production
251301,Senior Staff,d007,Sales
251341,Staff,d003,Human Resources
251403,Technique Leader,d005,Development
251437,Assistant Engineer,d005,Development
251645,Staff,d007,Sales
251680,Senior Engineer,d005,Development
251814,Technique Leader,d004,Production
252185,Assistant Engineer,d006,Quality Management
252316,Engineer,d005,Development
252392,Engineer,d004,Production
253029,Engineer,d006,Quality Management
253707,Staff,d007,Sales
253838,Assistant Engineer,d004,Production
253893,Senior Engineer,d004,Production
254044,Senior Engineer,d006,Quality Management
254399,Technique Leader,d004,Production
254821,Staff,d007,Sales
255466,Senior Engineer,d004,Production
255657,Engineer,d005,Development
255779,Technique Leader,d004,Production
256216,Engineer,d004,Production
256856,Senior Staff,d003,Human Resources
256881,Engineer,d005,Development
256888,Staff,d001,Marketing
257062,Engineer,d005,Development
257378,Staff,d001,Marketing
257469,Staff,d002,Finance
257484,Staff,d003,Human Resources
258028,Engineer,d005,Development
258028,Engineer,d008,Research
258124,Senior Staff,d007,Sales
258470,Staff,d007,Sales
258643,Senior Engineer,d005,Development
259042,Staff,d007,Sales
259237,Staff,d009,Customer Service
259273,Senior Engineer,d004,Production
259611,Senior Staff,d007,Sales
259619,Senior Staff,d002,Finance
259718,Staff,d005,Development
259718,Staff,d008,Research
260153,Technique Leader,d005,Development
260249,Staff,d009,Customer Service
260361,Engineer,d004,Production
260361,Engineer,d005,Development
260399,Senior Staff,d002,Finance
260408,Senior Staff,d009,Customer Service
260501,Technique Leader,d005,Development
261184,Senior Engineer,d004,Production
261631,Engineer,d005,Development
261662,Senior Staff,d002,Finance
261737,Engineer,d004,Production
261986,Senior Engineer,d005,Development
261990,Staff,d007,Sales
262208,Senior Staff,d002,Finance
262208,Senior Staff,d007,Sales
262210,Assistant Engineer,d005,Development
262328,Staff,d007,Sales
262439,Staff,d001,Marketing
262636,Senior Engineer,d004,Production
262636,Senior Engineer,d005,Development
262752,Engineer,d005,Development
262928,Senior Engineer,d004,Production
262928,Senior Engineer,d006,Quality Management
263012,Staff,d003,Human Resources
263186,Technique Leader,d005,Development
263370,Staff,d007,Sales
263439,Senior Engineer,d005,Development
263645,Senior Engineer,d005,Development
263649,Senior Staff,d007,Sales
263926,Senior Staff,d007,Sales
264030,Assistant Engineer,d004,Production
264167,Senior Engineer,d005,Development
264322,Senior Staff,d007,Sales
264626,Senior Staff,d001,Marketing
264939,Engineer,d004,Production
264939,Engineer,d005,Development
265039,Senior Staff,d002,Finance
265521,Engineer,d004,Production
265558,Senior Staff,d007,Sales
265794,Staff,d007,Sales
265875,Senior Engineer,d004,Production
266206,Staff,d001,Marketing
266249,Senior Staff,d007,Sales
266310,Staff,d008,Research
266644,Senior Staff,d002,Finance
266862,Senior Staff,d008,Research
266881,Senior Staff,d001,Marketing
266881,Senior Staff,d003,Human Resources
267059,Staff,d009,Customer Service
267227,Senior Engineer,d004,Production
267304,Senior Staff,d007,Sales
267667,Staff,d007,Sales
268043,Engineer,d005,Development
268191,Senior Engineer,d004,Production
269728,Staff,d001,Marketing
270084,Staff,d001,Marketing
270716,Staff,d007,Sales
270794,Senior Staff,d001,Marketing
271106,Engineer,d004,Production
271219,Engineer,d004,Production
272141,Senior Staff,d005,Development
272141,Senior Staff,d009,Customer Service
272285,Staff,d009,Customer Service
272316,Engineer,d004,Production
272452,Engineer,d005,Development
272452,Engineer,d008,Research
272599,Senior Staff,d001,Marketing
272860,Assistant Engineer,d004,Production
273159,Technique Leader,d005,Development
273286,Engineer,d005,Development
273806,Senior Staff,d001,Marketing
273806,Senior Staff,d009,Customer Service
273858,Senior Staff,d007,Sales
274071,Staff,d003,Human Resources
274271,Senior Staff,d007,Sales
274369,Senior Staff,d008,Research
274813,Senior Staff,d007,Sales
275158,Engineer,d005,Development
275263,Engineer,d005,Development
275444,Engineer,d005,Development
275495,Staff,d007,Sales
275801,Senior Staff,d007,Sales
275881,Senior Engineer,d004,Production
275994,Engineer,d004,Production
276027,Staff,d008,Research
276184,Senior Staff,d007,Sales
276186,Senior Staff,d003,Human Resources
276189,Senior Staff,d003,Human Resources
276445,Engineer,d004,Production
276472,Senior Engineer,d005,Development
276563,Senior Staff,d009,Customer Service
276868,Staff,d001,Marketing
277316,Senior Staff,d007,Sales
277362,Senior Staff,d009,Customer Service
277420,Engineer,d004,Production
277777,Senior Engineer,d005,Development
277829,Senior Engineer,d005,Development
278239,Staff,d008,Research
278386,Technique Leader,d006,Quality Management
278452,Staff,d003,Human Resources
278536,Senior Staff,d001,Marketing
278549,Senior Staff,d007,Sales
278953,Senior Engineer,d005,Development
279115,Engineer,d005,Development
279280,Engineer,d004,Production
279791,Assistant Engineer,d005,Development
273396,Engineer,d005,Development
280070,Staff,d003,Human Resources
280420,Senior Staff,d007,Sales
280291,Staff,d009,Customer Service
280648,Engineer,d004,Production
280525,Staff,d007,Sales
281692,Senior Engineer,d006,Quality Management
281570,Assistant Engineer,d005,Development
282191,Engineer,d005,Development
281848,Senior Engineer,d005,Development
281859,Engineer,d004,Production
282547,Engineer,d005,Development
282333,Senior Staff,d008,Research
282343,Staff,d007,Sales
284431,Staff,d007,Sales
282585,Staff,d009,Customer Service
282894,Engineer,d005,Development
284300,Senior Staff,d001,Marketing
284687,Senior Engineer,d005,Development
284561,Senior Engineer,d006,Quality Management
284691,Senior Engineer,d005,Development
284711,Senior Engineer,d005,Development
284717,Engineer,d005,Development
285396,Engineer,d005,Development
284856,Engineer,d006,Quality Management
284954,Engineer,d006,Quality Management
285164,Staff,d007,Sales
286026,Staff,d007,Sales
285905,Senior Staff,d008,Research
285906,Engineer,d005,Development
286029,Staff,d009,Customer Service
286370,Senior Staff,d003,Human Resources
286573,Senior Engineer,d004,Production
286573,Senior Engineer,d005,Development
286779,Engineer,d004,Production
286452,Engineer,d005,Development
286986,Senior Engineer,d005,Development
287323,Staff,d007,Sales
287327,Senior Staff,d003,Human Resources
287334,Engineer,d004,Production
287482,Engineer,d006,Quality Management
287583,Engineer,d004,Production
287609,Senior Engineer,d005,Development
287713,Senior Staff,d002,Finance
287983,Senior Staff,d001,Marketing
287808,Technique Leader,d005,Development
287984,Senior Engineer,d005,Development
288028,Engineer,d005,Development
288560,Staff,d001,Marketing
288142,Staff,d007,Sales
288166,Staff,d003,Human Resources
288563,Engineer,d004,Production
288606,Staff,d007,Sales
288893,Senior Engineer,d005,Development
288665,Senior Engineer,d005,Development
289807,Staff,d009,Customer Service
289454,Senior Engineer,d005,Development
289687,Staff,d008,Research
290075,Senior Staff,d003,Human Resources
289909,Senior Staff,d007,Sales
290284,Engineer,d005,Development
290009,Senior Staff,d003,Human Resources
290467,Staff,d008,Research
290441,Staff,d007,Sales
290478,Assistant Engineer,d006,Quality Management
290563,Senior Engineer,d004,Production
290769,Senior Engineer,d005,Development
291352,Technique Leader,d005,Development
291352,Technique Leader,d008,Research
291612,Engineer,d005,Development
291669,Engineer,d005,Development
292210,Engineer,d005,Development
292404,Senior Staff,d008,Research
292110,Engineer,d005,Development
292146,Engineer,d005,Development
292146,Engineer,d006,Quality Management
293154,Senior Staff,d001,Marketing
292504,Engineer,d006,Quality Management
292515,Assistant Engineer,d005,Development
292828,Senior Engineer,d004,Production
293154,Senior Staff,d007,Sales
294144,Staff,d007,Sales
293080,Senior Staff,d003,Human Resources
293280,Engineer,d005,Development
293329,Senior Engineer,d005,Development
293746,Senior Engineer,d005,Development
293752,Senior Staff,d007,Sales
294241,Staff,d002,Finance
294446,Staff,d002,Finance
294461,Senior Engineer,d005,Development
294527,Senior Staff,d001,Marketing
294652,Senior Engineer,d005,Development
294652,Senior Engineer,d008,Research
294857,Engineer,d005,Development
295236,Engineer,d005,Development
294791,Assistant Engineer,d005,Development
295030,Senior Staff,d009,Customer Service
295254,Senior Staff,d003,Human Resources
295255,Technique Leader,d004,Production
295262,Assistant Engineer,d004,Production
295268,Senior Staff,d003,Human Resources
295278,Assistant Engineer,d005,Development
295857,Staff,d003,Human Resources
295411,Staff,d007,Sales
296428,Senior Staff,d007,Sales
296062,Staff,d008,Research
296303,Technique Leader,d005,Development
296687,Staff,d008,Research
296718,Senior Engineer,d004,Production
297232,Senior Staff,d007,Sales
296664,Senior Engineer,d004,Production
297431,Senior Staff,d001,Marketing
297474,Staff,d008,Research
297954,Assistant Engineer,d004,Production
298339,Engineer,d005,Development
297905,Assistant Engineer,d005,Development
298577,Senior Staff,d002,Finance
298953,Staff,d002,Finance
299346,Senior Staff,d003,Human Resources
299580,Engineer,d006,Quality Management
400780,Engineer,d005,Development
299718,Senior Staff,d008,Research
299737,Senior Staff,d007,Sales
400046,Senior Staff,d005,Development
400046,Senior Staff,d008,Research
400358,Senior Engineer,d005,Development
400683,Staff,d007,Sales
400796,Engineer,d005,Development
401154,Senior Staff,d003,Human Resources
401333,Senior Engineer,d004,Production
401420,Senior Staff,d009,Customer Service
401278,Assistant Engineer,d004,Production
402102,Engineer,d005,Development
401574,Technique Leader,d004,Production
402025,Engineer,d006,Quality Management
402664,Senior Engineer,d004,Production
402718,Senior Engineer,d005,Development
403010,Senior Engineer,d005,Development
402827,Senior Staff,d002,Finance
402827,Senior Staff,d003,Human Resources
403621,Staff,d001,Marketing
403644,Senior Staff,d003,Human Resources
403954,Engineer,d005,Development
404236,Senior Engineer,d005,Development
404018,Senior Engineer,d005,Development
404462,Engineer,d005,Development
404755,Staff,d001,Marketing
404573,Staff,d003,Human Resources
404788,Engineer,d005,Development
406125,Technique Leader,d004,Production
405015,Senior Staff,d007,Sales
405063,Senior Engineer,d004,Production
405063,Senior Engineer,d006,Quality Management
406239,Engineer,d005,Development
406714,Staff,d008,Research
406564,Engineer,d005,Development
408019,Assistant Engineer,d004,Production
406847,Staff,d007,Sales
407522,Staff,d002,Finance
407837,Engineer,d004,Production
407837,Engineer,d006,Quality Management
408654,Senior Staff,d009,Customer Service
408114,Engineer,d005,Development
408163,Senior Engineer,d005,Development
408163,Senior Engineer,d006,Quality Management
408417,Staff,d002,Finance
408417,Staff,d007,Sales
408437,Senior Staff,d009,Customer Service
408447,Staff,d001,Marketing
408447,Staff,d007,Sales
408953,Senior Engineer,d005,Development
409391,Engineer,d004,Production
410028,Staff,d003,Human Resources
409798,Technique Leader,d004,Production
409805,Senior Engineer,d006,Quality Management
409898,Senior Engineer,d005,Development
410372,Engineer,d005,Development
410433,Senior Engineer,d004,Production
413205,Senior Staff,d007,Sales
410616,Senior Engineer,d005,Development
410804,Senior Engineer,d004,Production
410881,Senior Engineer,d004,Production
410881,Senior Engineer,d006,Quality Management
411070,Engineer,d005,Development
411082,Engineer,d004,Production
411143,Senior Staff,d001,Marketing
412404,Senior Engineer,d004,Production
412757,Engineer,d005,Development
413098,Senior Staff,d008,Research
413831,Staff,d009,Customer Service
413666,Senior Staff,d002,Finance
413729,Technique Leader,d005,Development
413832,Senior Staff,d003,Human Resources
414091,Engineer,d005,Development
414662,Engineer,d005,Development
414027,Senior Engineer,d004,Production
414027,Senior Engineer,d009,Customer Service
414714,Senior Staff,d008,Research
414543,Senior Engineer,d004,Production
414814,Staff,d005,Development
414551,Engineer,d005,Development
414814,Staff,d009,Customer Service
415338,Assistant Engineer,d004,Production
414897,Senior Staff,d007,Sales
415187,Assistant Engineer,d004,Production
415363,Senior Staff,d001,Marketing
415363,Senior Staff,d007,Sales
416383,Engineer,d005,Development
415563,Engineer,d005,Development
416074,Engineer,d005,Development
416420,Senior Staff,d007,Sales
416660,Senior Engineer,d005,Development
416492,Senior Engineer,d005,Development
416877,Senior Staff,d001,Marketing
416720,Engineer,d004,Production
416892,Engineer,d004,Production
417435,Senior Staff,d007,Sales
418298,Engineer,d004,Production
418309,Engineer,d004,Production
418239,Senior Engineer,d004,Production
418239,Senior Engineer,d005,Development
418247,Senior Staff,d001,Marketing
418247,Senior Staff,d007,Sales
418380,Senior Engineer,d004,Production
418566,Senior Engineer,d004,Production
418606,Engineer,d004,Production
418860,Senior Staff,d001,Marketing
418717,Senior Staff,d007,Sales
419953,Staff,d001,Marketing
419099,Staff,d007,Sales
420476,Senior Staff,d009,Customer Service
420086,Engineer,d005,Development
420694,Staff,d008,Research
420557,Senior Staff,d007,Sales
420732,Senior Staff,d001,Marketing
420759,Staff,d007,Sales
420765,Staff,d007,Sales
421022,Senior Staff,d007,Sales
420877,Senior Staff,d002,Finance
421033,Senior Staff,d007,Sales
421074,Senior Staff,d007,Sales
421312,Engineer,d005,Development
422146,Engineer,d005,Development
421384,Senior Staff,d003,Human Resources
421755,Assistant Engineer,d004,Production
422146,Engineer,d008,Research
422783,Engineer,d004,Production
423350,Staff,d007,Sales
423038,Senior Staff,d007,Sales
423204,Senior Staff,d007,Sales
423208,Engineer,d005,Development
423214,Staff,d002,Finance
423633,Senior Engineer,d005,Development
423327,Senior Staff,d007,Sales
423993,Technique Leader,d005,Development
424685,Senior Staff,d002,Finance
424569,Engineer,d005,Development
424584,Engineer,d005,Development
424930,Staff,d003,Human Resources
424797,Senior Staff,d007,Sales
424805,Senior Staff,d007,Sales
424984,Engineer,d005,Development
425535,Senior Staff,d001,Marketing
425540,Senior Staff,d002,Finance
425757,Senior Staff,d004,Production
425437,Engineer,d005,Development
425757,Senior Staff,d009,Customer Service
425780,Senior Staff,d007,Sales
425830,Engineer,d005,Development
425875,Senior Staff,d007,Sales
426153,Senior Staff,d007,Sales
426168,Senior Staff,d002,Finance
426795,Senior Staff,d009,Customer Service
426228,Engineer,d005,Development
426235,Senior Staff,d003,Human Resources
426644,Senior Engineer,d004,Production
426706,Engineer,d004,Production
426818,Staff,d009,Customer Service
426819,Engineer,d004,Production
426824,Senior Staff,d007,Sales
426824,Senior Staff,d009,Customer Service
427313,Senior Staff,d008,Research
426958,Engineer,d004,Production
427320,Senior Engineer,d005,Development
427332,Staff,d009,Customer Service
428082,Senior Staff,d003,Human Resources
427571,Engineer,d005,Development
427571,Engineer,d008,Research
427776,Staff,d002,Finance
427805,Senior Staff,d002,Finance
427823,Staff,d009,Customer Service
427852,Senior Engineer,d004,Production
428160,Senior Staff,d001,Marketing
428160,Senior Staff,d003,Human Resources
428917,Assistant Engineer,d005,Development
428195,Senior Staff,d002,Finance
428195,Senior Staff,d003,Human Resources
428219,Staff,d007,Sales
429231,Staff,d007,Sales
429087,Technique Leader,d006,Quality Management
429238,Senior Staff,d007,Sales
429316,Senior Staff,d002,Finance
429381,Senior Staff,d007,Sales
429481,Engineer,d005,Development
429520,Engineer,d006,Quality Management
429532,Staff,d007,Sales
429532,Staff,d009,Customer Service
429569,Assistant Engineer,d005,Development
429249,Engineer,d005,Development
429249,Engineer,d008,Research
429703,Senior Staff,d003,Human Resources
430054,Engineer,d005,Development
429899,Staff,d001,Marketing
429954,Staff,d007,Sales
430558,Engineer,d006,Quality Management
430593,Senior Staff,d009,Customer Service
430631,Engineer,d005,Development
430891,Senior Engineer,d004,Production
431576,Senior Staff,d002,Finance
431576,Senior Staff,d003,Human Resources
431657,Engineer,d005,Development
431882,Engineer,d005,Development
431887,Senior Engineer,d005,Development
432121,Senior Staff,d009,Customer Service
432031,Senior Staff,d007,Sales
432034,Senior Staff,d001,Marketing
432034,Senior Staff,d003,Human Resources
432399,Senior Engineer,d004,Production
432257,Engineer,d004,Production
432261,Engineer,d005,Development
432399,Senior Engineer,d009,Customer Service
432665,Engineer,d005,Development
432523,Engineer,d005,Development
432665,Engineer,d006,Quality Management
432787,Senior Engineer,d005,Development
432956,Senior Staff,d001,Marketing
433059,Staff,d007,Sales
433260,Assistant Engineer,d006,Quality Management
433157,Staff,d007,Sales
434845,Senior Staff,d007,Sales
433438,Senior Staff,d008,Research
435060,Staff,d007,Sales
435181,Staff,d001,Marketing
434936,Senior Engineer,d005,Development
435289,Staff,d001,Marketing
435042,Staff,d007,Sales
435370,Senior Staff,d007,Sales
435305,Staff,d007,Sales
435588,Senior Staff,d003,Human Resources
435602,Staff,d007,Sales
435774,Staff,d007,Sales
435791,Senior Engineer,d006,Quality Management
436915,Staff,d008,Research
436558,Senior Engineer,d005,Development
437369,Senior Staff,d007,Sales
436797,Senior Staff,d002,Finance
436827,Senior Staff,d003,Human Resources
437276,Staff,d002,Finance
437395,Staff,d001,Marketing
437395,Staff,d007,Sales
437724,Staff,d003,Human Resources
438264,Senior Staff,d009,Customer Service
437870,Staff,d005,Development
437870,Staff,d009,Customer Service
438038,Senior Staff,d001,Marketing
438038,Senior Staff,d007,Sales
438557,Engineer,d005,Development
440435,Senior Engineer,d005,Development
439377,Senior Engineer,d005,Development
439905,Senior Staff,d009,Customer Service
439924,Senior Staff,d002,Finance
440325,Senior Staff,d007,Sales
440450,Staff,d003,Human Resources
441536,Senior Engineer,d004,Production
440642,Staff,d007,Sales
440870,Staff,d001,Marketing
440870,Staff,d009,Customer Service
440937,Senior Staff,d008,Research
441197,Senior Staff,d007,Sales
441536,Senior Engineer,d006,Quality Management
442002,Staff,d007,Sales
441954,Engineer,d004,Production
441965,Senior Staff,d008,Research
442096,Senior Engineer,d004,Production
442312,Senior Engineer,d004,Production
442653,Engineer,d005,Development
442490,Engineer,d004,Production
442898,Engineer,d004,Production
442700,Staff,d008,Research
443108,Senior Staff,d002,Finance
443108,Senior Staff,d003,Human Resources
443485,Senior Staff,d008,Research
443841,Staff,d007,Sales
443873,Senior Staff,d001,Marketing
443873,Senior Staff,d007,Sales
444099,Senior Staff,d007,Sales
444070,Staff,d009,Customer Service
444208,Senior Staff,d007,Sales
444643,Staff,d008,Research
444465,Senior Engineer,d004,Production
444465,Senior Engineer,d005,Development
444487,Senior Engineer,d005,Development
445067,Engineer,d006,Quality Management
445226,Senior Engineer,d004,Production
445152,Staff,d008,Research
445570,Technique Leader,d005,Development
446121,Staff,d007,Sales
445723,Senior Staff,d004,Production
445723,Senior Staff,d008,Research
445941,Technique Leader,d004,Production
445950,Engineer,d006,Quality Management
446306,Senior Engineer,d004,Production
446897,Technique Leader,d004,Production
446424,Engineer,d005,Development
447135,Senior Staff,d003,Human Resources
446959,Senior Engineer,d005,Development
447018,Engineer,d004,Production
447376,Staff,d008,Research
447232,Staff,d007,Sales
447232,Staff,d009,Customer Service
447877,Engineer,d006,Quality Management
447544,Senior Staff,d007,Sales
447613,Engineer,d005,Development
447931,Staff,d007,Sales
448900,Staff,d007,Sales
447966,Senior Engineer,d004,Production
447982,Senior Engineer,d004,Production
447999,Engineer,d005,Development
448918,Engineer,d004,Production
448769,Technique Leader,d004,Production
448994,Staff,d002,Finance
449189,Senior Staff,d007,Sales
449984,Engineer,d005,Development
449815,Staff,d008,Research
450184,Senior Engineer,d005,Development
450255,Technique Leader,d005,Development
450309,Technique Leader,d006,Quality Management
450475,Senior Staff,d002,Finance
450817,Engineer,d006,Quality Management
451333,Senior Staff,d003,Human Resources
450888,Senior Staff,d007,Sales
450934,Engineer,d004,Production
450936,Senior Staff,d002,Finance
451253,Staff,d007,Sales
451272,Senior Engineer,d005,Development
452325,Senior Engineer,d005,Development
451275,Senior Staff,d008,Research
452137,Engineer,d004,Production
452137,Engineer,d009,Customer Service
452206,Staff,d007,Sales
452347,Staff,d007,Sales
452365,Assistant Engineer,d005,Development
452956,Senior Engineer,d004,Production
452956,Senior Engineer,d009,Customer Service
452957,Staff,d007,Sales
453154,Staff,d009,Customer Service
452982,Senior Staff,d001,Marketing
453688,Engineer,d006,Quality Management
453070,Staff,d003,Human Resources
453644,Senior Staff,d001,Marketing
453723,Engineer,d004,Production
453760,Staff,d009,Customer Service
453790,Engineer,d005,Development
453913,Senior Staff,d001,Marketing
454338,Engineer,d006,Quality Management
454378,Technique Leader,d004,Production
454825,Senior Engineer,d004,Production
454736,Engineer,d005,Development
455175,Staff,d001,Marketing
454791,Senior Engineer,d004,Production
454994,Senior Engineer,d004,Production
455726,Senior Staff,d007,Sales
455284,Engineer,d006,Quality Management
455814,Engineer,d004,Production
455914,Senior Engineer,d005,Development
456767,Senior Staff,d007,Sales
456982,Engineer,d005,Development
457070,Senior Staff,d003,Human Resources
457305,Staff,d007,Sales
457146,Staff,d008,Research
457337,Technique Leader,d006,Quality Management
457611,Engineer,d005,Development
457411,Senior Engineer,d005,Development
457938,Staff,d001,Marketing
457489,Engineer,d004,Production
457776,Engineer,d004,Production
457813,Engineer,d004,Production
457832,Senior Engineer,d005,Development
457938,Staff,d009,Customer Service
458726,Senior Staff,d009,Customer Service
458111,Engineer,d004,Production
458134,Senior Staff,d003,Human Resources
458191,Staff,d008,Research
458383,Engineer,d005,Development
458790,Senior Engineer,d004,Production
461120,Engineer,d005,Development
459172,Engineer,d005,Development
459356,Engineer,d005,Development
459429,Senior Staff,d007,Sales
459685,Engineer,d006,Quality Management
460131,Staff,d007,Sales
460691,Senior Staff,d003,Human Resources
460707,Senior Engineer,d005,Development
460920,Senior Staff,d007,Sales
461120,Engineer,d008,Research
461801,Senior Staff,d007,Sales
461270,Staff,d007,Sales
461801,Senior Staff,d009,Customer Service
463023,Staff,d001,Marketing
462493,Engineer,d006,Quality Management
462795,Staff,d008,Research
463099,Senior Staff,d002,Finance
465409,Senior Staff,d001,Marketing
463212,Senior Engineer,d004,Production
463212,Senior Engineer,d006,Quality Management
463472,Technique Leader,d004,Production
463472,Technique Leader,d009,Customer Service
463495,Staff,d003,Human Resources
464284,Senior Staff,d007,Sales
464303,Senior Staff,d009,Customer Service
465062,Engineer,d004,Production
465076,Engineer,d004,Production
465085,Senior Staff,d009,Customer Service
465501,Senior Staff,d003,Human Resources
465711,Senior Engineer,d005,Development
465853,Staff,d003,Human Resources
465874,Assistant Engineer,d004,Production
466509,Engineer,d005,Development
466064,Senior Staff,d007,Sales
466367,Senior Staff,d009,Customer Service
466745,Senior Staff,d003,Human Resources
466603,Senior Staff,d001,Marketing
467269,Technique Leader,d005,Development
467591,Staff,d001,Marketing
467176,Senior Staff,d003,Human Resources
467392,Engineer,d004,Production
467591,Staff,d003,Human Resources
468659,Senior Engineer,d005,Development
467441,Engineer,d004,Production
467886,Senior Staff,d001,Marketing
467918,Staff,d009,Customer Service
468360,Technique Leader,d005,Development
468417,Engineer,d004,Production
469253,Engineer,d005,Development
468773,Engineer,d006,Quality Management
469104,Engineer,d004,Production
469104,Engineer,d006,Quality Management
469269,Senior Engineer,d004,Production
469527,Staff,d008,Research
469366,Senior Engineer,d006,Quality Management
469399,Engineer,d004,Production
469399,Engineer,d005,Development
469529,Senior Engineer,d006,Quality Management
469867,Senior Staff,d008,Research
469735,Senior Engineer,d005,Development
471397,Engineer,d005,Development
470456,Staff,d007,Sales
470472,Engineer,d005,Development
471397,Engineer,d008,Research
471911,Assistant Engineer,d006,Quality Management
471532,Technique Leader,d005,Development
471552,Staff,d002,Finance
472052,Assistant Engineer,d005,Development
472143,Senior Staff,d007,Sales
472238,Senior Engineer,d004,Production
471939,Staff,d004,Production
471939,Staff,d008,Research
472790,Senior Engineer,d005,Development
473299,Senior Staff,d007,Sales
472950,Senior Engineer,d004,Production
474331,Senior Staff,d002,Finance
473268,Senior Staff,d007,Sales
473490,Staff,d008,Research
473940,Engineer,d004,Production
474331,Senior Staff,d003,Human Resources
475087,Senior Engineer,d004,Production
474763,Engineer,d005,Development
474796,Technique Leader,d004,Production
474796,Technique Leader,d009,Customer Service
475258,Staff,d004,Production
475258,Staff,d009,Customer Service
475538,Staff,d003,Human Resources
475938,Engineer,d005,Development
475965,Engineer,d005,Development
476055,Staff,d008,Research
476327,Engineer,d004,Production
476122,Engineer,d004,Production
476361,Technique Leader,d005,Development
476361,Technique Leader,d008,Research
477350,Staff,d007,Sales
477578,Engineer,d005,Development
478170,Assistant Engineer,d005,Development
477969,Senior Engineer,d005,Development
478007,Senior Engineer,d004,Production
478170,Assistant Engineer,d006,Quality Management
478218,Engineer,d005,Development
478218,Engineer,d008,Research
478439,Technique Leader,d005,Development
478768,Senior Engineer,d004,Production
479024,Engineer,d004,Production
478799,Senior Staff,d001,Marketing
478833,Senior Engineer,d004,Production
478858,Staff,d009,Customer Service
479407,Engineer,d004,Production
479695,Staff,d001,Marketing
479601,Staff,d008,Research
479695,Staff,d003,Human Resources
480035,Senior Staff,d005,Development
480035,Senior Staff,d008,Research
480268,Technique Leader,d005,Development
480066,Senior Engineer,d006,Quality Management
481213,Senior Staff,d007,Sales
480178,Senior Staff,d008,Research
480407,Engineer,d005,Development
481050,Senior Staff,d003,Human Resources
481764,Senior Engineer,d004,Production
481397,Assistant Engineer,d004,Production
481790,Senior Engineer,d005,Development
481790,Senior Engineer,d008,Research
482755,Senior Staff,d001,Marketing
482335,Engineer,d005,Development
482354,Staff,d008,Research
483401,Senior Staff,d007,Sales
482885,Assistant Engineer,d004,Production
482905,Senior Staff,d002,Finance
482944,Senior Staff,d007,Sales
483675,Engineer,d004,Production
483825,Senior Engineer,d004,Production
483838,Assistant Engineer,d004,Production
484126,Senior Staff,d003,Human Resources
483978,Staff,d007,Sales
484142,Senior Staff,d003,Human Resources
485253,Senior Staff,d009,Customer Service
484498,Engineer,d004,Production
484756,Engineer,d005,Development
485577,Senior Engineer,d005,Development
485489,Senior Engineer,d005,Development
485579,Engineer,d005,Development
486918,Senior Staff,d007,Sales
485799,Senior Staff,d008,Research
485817,Engineer,d004,Production
485817,Engineer,d005,Development
486068,Senior Staff,d003,Human Resources
486808,Senior Engineer,d006,Quality Management
486956,Engineer,d004,Production
487008,Senior Staff,d007,Sales
486958,Senior Engineer,d005,Development
487505,Staff,d008,Research
487988,Senior Staff,d003,Human Resources
488482,Engineer,d005,Development
488095,Senior Staff,d009,Customer Service
488142,Staff,d007,Sales
488540,Senior Staff,d002,Finance
488693,Senior Engineer,d005,Development
488619,Engineer,d004,Production
488707,Senior Staff,d007,Sales
488752,Senior Staff,d001,Marketing
488788,Senior Staff,d009,Customer Service
488984,Senior Staff,d002,Finance
488984,Senior Staff,d007,Sales
490551,Engineer,d005,Development
489755,Staff,d002,Finance
489755,Staff,d003,Human Resources
489756,Senior Staff,d002,Finance
489928,Assistant Engineer,d005,Development
490557,Engineer,d004,Production
490568,Senior Engineer,d005,Development
491478,Senior Staff,d007,Sales
490720,Senior Engineer,d004,Production
490720,Senior Engineer,d006,Quality Management
491079,Senior Engineer,d005,Development
491162,Senior Engineer,d005,Development
491596,Engineer,d004,Production
491632,Staff,d009,Customer Service
491596,Engineer,d006,Quality Management
492052,Staff,d009,Customer Service
492000,Senior Staff,d003,Human Resources
492639,Engineer,d005,Development
492217,Senior Engineer,d005,Development
492677,Engineer,d004,Production
493744,Senior Engineer,d004,Production
493031,Senior Staff,d009,Customer Service
493048,Staff,d007,Sales
493096,Engineer,d005,Development
494995,Senior Staff,d007,Sales
494019,Senior Staff,d001,Marketing
494088,Engineer,d004,Production
494493,Staff,d001,Marketing
496100,Staff,d009,Customer Service
496970,Senior Engineer,d004,Production
497007,Senior Engineer,d004,Production
497007,Senior Engineer,d009,Customer Service
497174,Engineer,d005,Development
497340,Senior Staff,d001,Marketing
496978,Senior Staff,d001,Marketing
497391,Engineer,d006,Quality Management
497835,Technique Leader,d004,Production
498337,Staff,d007,Sales
498185,Senior Engineer,d005,Development
498635,Senior Staff,d007,Sales
498456,Senior Staff,d009,Customer Service
498955,Engineer,d004,Production
498838,Senior Staff,d008,Research
498845,Senior Engineer,d005,Development
499260,Engineer,d004,Production
499194,Senior Staff,d001,Marketing
499194,Senior Staff,d009,Customer Service
499495,Engineer,d005,Development
